{
  "schema_version": 1,
  "source": "calibrate_dist_x_y_telemetry",
  "generated_at": 1775258779.0467398,
  "config": {
    "variable": "dist",
    "vision": "cyan",
    "requested_points": 0,
    "captured_points": 4,
    "observe_samples": 5,
    "observe_timeout_s": 2.8,
    "manual_motion": true,
    "motion_method": "operator_hotkeys",
    "commit_world_model": true,
    "allow_partial_commit": true,
    "plot_path": "Runs - cyan/calibrate_telemetry_dist_live.png",
    "incremental_capture_mode": "append_single_point"
  },
  "fit": {
    "equation": "expected = 1.139495 * observed + -3.947739",
    "slope": 1.139494664171532,
    "intercept": -3.9477390980894,
    "r2": 0.952487764461206
  },
  "summary": {
    "mean_error_mm": -10.766628399064082,
    "median_error_mm": -12.357058710334684,
    "mae_mm": 10.93526113595582,
    "max_abs_error_mm": 18.689661649370436,
    "residual_mean_error_mm": -1.0658141036401503e-14,
    "residual_mae_mm": 5.681251088025046,
    "residual_max_abs_error_mm": 11.362502176050072,
    "mean_confidence": 70.5684570223093
  },
  "samples": [
    {
      "index": 1,
      "expected_value": 73.0,
      "observed_dist": 64.77752828142845,
      "observed_x": 5.533762295438664,
      "observed_y": 3.622565006145661,
      "observed_variable": 64.77752828142845,
      "error_mm": -8.222471718571555,
      "confidence": 40.718200504779816,
      "samples_used": null,
      "pose_source": null,
      "observation_mode": null,
      "timestamp": 0.0
    },
    {
      "index": 2,
      "expected_value": 107.0,
      "observed_dist": 107.33726547378348,
      "observed_x": -3.420124663492526,
      "observed_y": 3.08627569170358,
      "observed_variable": 107.33726547378348,
      "error_mm": 0.33726547378347504,
      "confidence": 84.09375667572021,
      "samples_used": null,
      "pose_source": null,
      "observation_mode": null,
      "timestamp": 0.0
    },
    {
      "index": 3,
      "expected_value": 130.0,
      "observed_dist": 113.50835429790219,
      "observed_x": 9.206123803059372,
      "observed_y": 2.3605592020749318,
      "observed_variable": 113.50835429790219,
      "error_mm": -16.491645702097813,
      "confidence": 76.52929306030273,
      "samples_used": null,
      "pose_source": null,
      "observation_mode": null,
      "timestamp": 0.0
    },
    {
      "index": 4,
      "expected_value": 155.0,
      "observed_dist": 136.31033835062956,
      "observed_x": -6.569357944366221,
      "observed_y": 2.2661924622489713,
      "observed_variable": 136.31033835062956,
      "error_mm": -18.689661649370436,
      "confidence": 80.93257784843445,
      "samples_used": null,
      "pose_source": null,
      "observation_mode": null,
      "timestamp": 0.0
    }
  ]
}